{"pyprep_utils.py__eeglab_calc_g_doc": {"pyprep_utils.py__union_code": -0.016896313056349754, "pyprep_utils.py__set_diff_code": 0.019946256652474403, "pyprep_find_noisy_channels.py_find_bad_by_ransac_code": 0.13470157980918884, "pyprep_find_noisy_channels.py_find_bad_by_correlation_code": 0.08436965942382812, "pyprep_utils.py__split_list_code": 0.03264454007148743, "pyprep_find_noisy_channels.py_find_bad_by_hfnoise_code": 0.22965389490127563, "pyprep_utils.py__get_random_subset_code": 0.14237402379512787, "pyprep_ransac.py_find_bad_by_ransac_code": 0.2484712451696396, "pyprep_find_noisy_channels.py_get_bads_code": 0.10948004573583603, "pyprep_find_noisy_channels.py_find_all_bads_code": 0.1656041443347931, "pyprep_prep_pipeline.py___init___code": 0.33482950925827026, "pyprep_find_noisy_channels.py___init___code": 0.28203850984573364, "pyprep_ransac.py__predict_median_signals_code": 0.4347033202648163, "pyprep_ransac.py__predict_median_signals_channelwise_code": 0.44286665320396423, "pyprep_utils.py__verify_free_ram_code": 0.2801004648208618, "pyprep_utils.py__mat_quantile_code": 0.2958957850933075, "pyprep_reference.py___init___code": 0.28746458888053894, "pyprep_find_noisy_channels.py_find_bad_by_SNR_code": 0.1917632669210434, "pyprep_utils.py__mat_round_code": 0.15990056097507477, "pyprep_removeTrend.py_removeTrend_code": 0.3837401568889618, "pyprep_utils.py__eeglab_fir_filter_code": 0.3949885070323944, "pyprep_utils.py__eeglab_interpolate_bads_code": 0.6520720720291138, "pyprep_utils.py__correlate_arrays_code": 0.35107049345970154, "pyprep_reference.py_perform_reference_code": 0.3577251732349396, "pyprep_find_noisy_channels.py_find_bad_by_nan_flat_code": 0.3340836465358734, "pyprep_utils.py__eeglab_calc_g_code": 0.9405531287193298, "pyprep_utils.py__eeglab_create_highpass_code": 0.46450555324554443, "pyprep_utils.py__eeglab_interpolate_code": 0.7868555784225464, "pyprep_utils.py__filter_design_code": 0.45426785945892334, "pyprep_ransac.py__ransac_by_window_code": 0.35102349519729614, "pyprep_ransac.py__ransac_by_channel_code": 0.31795647740364075, "pyprep_find_noisy_channels.py_find_bad_by_deviation_code": 0.3259347677230835, "pyprep_utils.py__mat_iqr_code": 0.2974451184272766, "pyprep_removeTrend.py_runline_code": 0.5110822916030884, "pyprep_find_noisy_channels.py__get_filtered_data_code": 0.35908371210098267, "pyprep_prep_pipeline.py_fit_code": 0.39942052960395813, "pyprep_reference.py_robust_reference_code": 0.2668192386627197, "pyprep_reference.py_remove_reference_code": 0.3382507562637329, "pyprep_prep_pipeline.py_raw_code": 0.2124527394771576, "pyprep_ransac.py__make_interpolation_matrices_code": 0.4853971004486084}}
{"pyprep_utils.py__mat_quantile_doc": {"pyprep_prep_pipeline.py_raw_code": 0.00827610120177269, "pyprep_utils.py__union_code": 0.04562913253903389, "pyprep_find_noisy_channels.py_find_bad_by_hfnoise_code": 0.11685650050640106, "pyprep_utils.py__set_diff_code": 0.06977660953998566, "pyprep_ransac.py_find_bad_by_ransac_code": 0.049670543521642685, "pyprep_find_noisy_channels.py_find_bad_by_correlation_code": 0.127556711435318, "pyprep_ransac.py__ransac_by_channel_code": 0.2263343632221222, "pyprep_find_noisy_channels.py_get_bads_code": 0.1543886363506317, "pyprep_find_noisy_channels.py_find_bad_by_ransac_code": 0.0890243798494339, "pyprep_find_noisy_channels.py_find_all_bads_code": 0.11722885817289352, "pyprep_utils.py__eeglab_interpolate_bads_code": 0.19121621549129486, "pyprep_find_noisy_channels.py___init___code": 0.21762585639953613, "pyprep_utils.py__eeglab_calc_g_code": 0.26819485425949097, "pyprep_utils.py__eeglab_interpolate_code": 0.2787743806838989, "pyprep_utils.py__verify_free_ram_code": 0.28395596146583557, "pyprep_find_noisy_channels.py_find_bad_by_deviation_code": 0.2845745384693146, "pyprep_reference.py___init___code": 0.18677890300750732, "pyprep_utils.py__split_list_code": 0.1907270848751068, "pyprep_find_noisy_channels.py_find_bad_by_SNR_code": 0.11567110568284988, "pyprep_removeTrend.py_removeTrend_code": 0.232771098613739, "pyprep_utils.py__eeglab_fir_filter_code": 0.2923111915588379, "pyprep_utils.py__correlate_arrays_code": 0.32289907336235046, "pyprep_prep_pipeline.py___init___code": 0.2326146811246872, "pyprep_reference.py_perform_reference_code": 0.24024821817874908, "pyprep_find_noisy_channels.py_find_bad_by_nan_flat_code": 0.30068445205688477, "pyprep_ransac.py__predict_median_signals_code": 0.4013236165046692, "pyprep_utils.py__eeglab_create_highpass_code": 0.29569801688194275, "pyprep_ransac.py__predict_median_signals_channelwise_code": 0.34775227308273315, "pyprep_utils.py__filter_design_code": 0.405705988407135, "pyprep_ransac.py__ransac_by_window_code": 0.3246866464614868, "pyprep_utils.py__get_random_subset_code": 0.3669092655181885, "pyprep_utils.py__mat_quantile_code": 0.9670031070709229, "pyprep_utils.py__mat_iqr_code": 0.8209273815155029, "pyprep_removeTrend.py_runline_code": 0.36307084560394287, "pyprep_find_noisy_channels.py__get_filtered_data_code": 0.31851425766944885, "pyprep_utils.py__mat_round_code": 0.5000412464141846, "pyprep_reference.py_robust_reference_code": 0.298102468252182, "pyprep_reference.py_remove_reference_code": 0.23670141398906708, "pyprep_prep_pipeline.py_fit_code": 0.18625271320343018, "pyprep_ransac.py__make_interpolation_matrices_code": 0.3189762234687805}}
{"pyprep_utils.py__get_random_subset_doc": {"pyprep_find_noisy_channels.py_find_bad_by_correlation_code": 0.06476504355669022, "pyprep_find_noisy_channels.py_find_bad_by_deviation_code": 0.11891113221645355, "pyprep_utils.py__eeglab_calc_g_code": 0.12526057660579681, "pyprep_utils.py__union_code": 0.12958182394504547, "pyprep_prep_pipeline.py_raw_code": 0.12562428414821625, "pyprep_find_noisy_channels.py_find_bad_by_ransac_code": 0.1431557834148407, "pyprep_ransac.py__ransac_by_channel_code": 0.2565274238586426, "pyprep_ransac.py_find_bad_by_ransac_code": 0.17382529377937317, "pyprep_find_noisy_channels.py_find_bad_by_hfnoise_code": 0.1451093852519989, "pyprep_find_noisy_channels.py_get_bads_code": 0.16131877899169922, "pyprep_utils.py__correlate_arrays_code": 0.21471187472343445, "pyprep_find_noisy_channels.py_find_bad_by_nan_flat_code": 0.2245611846446991, "pyprep_utils.py__eeglab_interpolate_code": 0.1851031482219696, "pyprep_utils.py__filter_design_code": 0.27836453914642334, "pyprep_ransac.py__ransac_by_window_code": 0.28491586446762085, "pyprep_removeTrend.py_removeTrend_code": 0.27819767594337463, "pyprep_removeTrend.py_runline_code": 0.2593647837638855, "pyprep_find_noisy_channels.py_find_all_bads_code": 0.18259938061237335, "pyprep_find_noisy_channels.py_find_bad_by_SNR_code": 0.16403865814208984, "pyprep_utils.py__eeglab_interpolate_bads_code": 0.1705562174320221, "pyprep_utils.py__eeglab_fir_filter_code": 0.24163587391376495, "pyprep_prep_pipeline.py___init___code": 0.3924737870693207, "pyprep_find_noisy_channels.py___init___code": 0.4376279413700104, "pyprep_reference.py_robust_reference_code": 0.3863062560558319, "pyprep_ransac.py__predict_median_signals_code": 0.34392401576042175, "pyprep_ransac.py__predict_median_signals_channelwise_code": 0.3975371718406677, "pyprep_utils.py__eeglab_create_highpass_code": 0.21669644117355347, "pyprep_utils.py__mat_quantile_code": 0.37075796723365784, "pyprep_utils.py__verify_free_ram_code": 0.355171799659729, "pyprep_utils.py__get_random_subset_code": 0.9597267508506775, "pyprep_utils.py__mat_iqr_code": 0.328472763299942, "pyprep_reference.py___init___code": 0.3325313925743103, "pyprep_find_noisy_channels.py__get_filtered_data_code": 0.3280019164085388, "pyprep_prep_pipeline.py_fit_code": 0.26024651527404785, "pyprep_utils.py__mat_round_code": 0.26918596029281616, "pyprep_reference.py_remove_reference_code": 0.34979110956192017, "pyprep_utils.py__split_list_code": 0.24746078252792358, "pyprep_ransac.py__make_interpolation_matrices_code": 0.46142852306365967, "pyprep_utils.py__set_diff_code": 0.20169581472873688,