{"ndcg": {"NDCG@1": 0.91441, "NDCG@3": 0.94744, "NDCG@5": 0.95248, "NDCG@10": 0.955, "NDCG@100": 0.95776, "NDCG@1000": 0.95776}, "mrr": {"MRR@1": 0.91441, "MRR@3": 0.94007, "MRR@5": 0.94292, "MRR@10": 0.94401, "MRR@100": 0.94466, "MRR@1000": 0.94466}, "recall": {"Recall@1": 0.91441, "Recall@3": 0.96847, "Recall@5": 0.98048, "Recall@10": 0.98799, "Recall@100": 1.0, "Recall@1000": 1.0}, "precision": {"P@1": 0.91441, "P@3": 0.32282, "P@5": 0.1961, "P@10": 0.0988, "P@100": 0.01, "P@1000": 0.001}, "time": 2.2497739791870117}