{"ndcg": {"NDCG@1": 0.90844, "NDCG@3": 0.9426, "NDCG@5": 0.94803, "NDCG@10": 0.95093, "NDCG@100": 0.95403, "NDCG@1000": 0.95403}, "mrr": {"MRR@1": 0.90844, "MRR@3": 0.93487, "MRR@5": 0.93794, "MRR@10": 0.9392, "MRR@100": 0.93991, "MRR@1000": 0.93991}, "recall": {"Recall@1": 0.90844, "Recall@3": 0.96467, "Recall@5": 0.97765, "Recall@10": 0.9863, "Recall@100": 1.0, "Recall@1000": 1.0}, "precision": {"P@1": 0.90844, "P@3": 0.32156, "P@5": 0.19553, "P@10": 0.09863, "P@100": 0.01, "P@1000": 0.001}, "time": 2.339664936065674}