{"ndcg": {"NDCG@1": 0.74187, "NDCG@3": 0.8277, "NDCG@5": 0.84069, "NDCG@10": 0.84867, "NDCG@100": 0.85723, "NDCG@1000": 0.85945}, "mrr": {"MRR@1": 0.74256, "MRR@3": 0.80842, "MRR@5": 0.81586, "MRR@10": 0.81911, "MRR@100": 0.821, "MRR@1000": 0.82109}, "recall": {"Recall@1": 0.74187, "Recall@3": 0.88581, "Recall@5": 0.91696, "Recall@10": 0.94118, "Recall@100": 0.97924, "Recall@1000": 0.99654}, "precision": {"P@1": 0.74187, "P@3": 0.29527, "P@5": 0.18339, "P@10": 0.09412, "P@100": 0.00979, "P@1000": 0.001}, "time": 1.9173662662506104}