{"ndcg": {"NDCG@1": 0.775, "NDCG@3": 0.88541, "NDCG@5": 0.89618, "NDCG@10": 0.89618, "NDCG@100": 0.90275, "NDCG@1000": 0.90275}, "mrr": {"MRR@1": 0.775, "MRR@3": 0.8625, "MRR@5": 0.86875, "MRR@10": 0.86875, "MRR@100": 0.87067, "MRR@1000": 0.87067}, "recall": {"Recall@1": 0.775, "Recall@3": 0.95, "Recall@5": 0.975, "Recall@10": 0.975, "Recall@100": 1.0, "Recall@1000": 1.0}, "precision": {"P@1": 0.775, "P@3": 0.31667, "P@5": 0.195, "P@10": 0.0975, "P@100": 0.01, "P@1000": 0.001}, "time": 0.32636475563049316}