{"ndcg": {"NDCG@1": 0.0015, "NDCG@3": 0.00415, "NDCG@5": 0.00505, "NDCG@10": 0.00625, "NDCG@100": 0.02844, "NDCG@1000": 0.1086}, "mrr": {"MRR@1": 0.0015, "MRR@3": 0.0035, "MRR@5": 0.00399, "MRR@10": 0.00448, "MRR@100": 0.00735, "MRR@1000": 0.00957}, "recall": {"Recall@1": 0.0015, "Recall@3": 0.00601, "Recall@5": 0.00826, "Recall@10": 0.01201, "Recall@100": 0.13589, "Recall@1000": 0.81381}, "precision": {"P@1": 0.0015, "P@3": 0.002, "P@5": 0.00165, "P@10": 0.0012, "P@100": 0.00136, "P@1000": 0.00081}, "time": 16.118868112564087}